hover:font-semibold href,hover:font-semibold
https://developer.ninjatrader.com/docs/web/index,Introduction
https://developer.ninjatrader.com/docs/web/SimplePriceOffset,Simple Price Offset
https://developer.ninjatrader.com/docs/web/ParameterizedPriceOffset,Parameterized Price Offset
https://developer.ninjatrader.com/docs/web/ExponentialMovingAverage,Exponential Moving Average
https://developer.ninjatrader.com/docs/web/HumanFriendlierEMA,Human Friendlier EMA
https://developer.ninjatrader.com/docs/web/BuiltinTools,Built-in Tools
https://developer.ninjatrader.com/docs/web/DoubleEMA,Double EMA
https://developer.ninjatrader.com/docs/web/Plotters,Plotters
https://developer.ninjatrader.com/docs/web/SignalingATR,Signaling Average True Range
https://developer.ninjatrader.com/docs/web/FourierMovingAverage,Fourier Moving Average
https://developer.ninjatrader.com/docs/web/Spectrogram,Spectrogram
https://developer.ninjatrader.com/docs/web/Graphics,Graphics
https://developer.ninjatrader.com/docs/web/Alligator,Alligator
https://developer.ninjatrader.com/docs/web/ScaleBoundValues,ScaleBound Values
https://developer.ninjatrader.com/docs/web/DrawingTools,Custom Drawing Tools
https://developer.ninjatrader.com/docs/web/AdvancedCustomDrawingTools,Advanced Custom Drawing Tools
https://developer.ninjatrader.com/docs/web/modules,Modules
